Time,P1,P2,x_e1,x_e2,xv,vx,current_x
5.0006513595581055,0.1,-0.1,-0.09445311164855957,0.10554688835144044,0.012198077034604675,0.06651188683164244,0.0055468883514404295
5.00178599357605,0.1,-0.1,-0.09437265062332154,0.10562734937667848,0.01520747928226411,0.09580129905585644,0.0056273493766784664
5.003934144973755,0.1,-0.1,-0.09437265062332154,0.10562734937667848,0.015248573470182112,0.09621224093503644,0.0056273493766784664
5.004946708679199,0.1,-0.1,-0.09437265062332154,0.10562734937667848,0.015248573470182112,0.09621224093503644,0.0056273493766784664
5.006011009216309,0.1,-0.1,-0.09437265062332154,0.10562734937667848,0.015248573470182112,0.09621224093503644,0.0056273493766784664
5.0071094036102295,0.1,-0.1,-0.09437265062332154,0.10562734937667848,0.015248573470182112,0.09621224093503644,0.0056273493766784664
5.008208751678467,0.1,-0.1,-0.09437265062332154,0.10562734937667848,0.015248573470182112,0.09621224093503644,0.0056273493766784664
5.009226322174072,0.1,-0.1,-0.09437265062332154,0.10562734937667848,0.015248573470182112,0.09621224093503644,0.0056273493766784664
5.010335445404053,0.1,-0.1,-0.09434118461608887,0.10565881538391114,0.015317603648861946,0.09658788264950813,0.005658815383911133
5.012627124786377,0.1,-0.1,-0.09434118461608887,0.10565881538391114,0.015333674660209708,0.09674859276298575,0.005658815383911133
5.0135719776153564,0.1,-0.1,-0.09434118461608887,0.10565881538391114,0.015333674660209708,0.09674859276298575,0.005658815383911133
5.014626979827881,0.1,-0.1,-0.09434118461608887,0.10565881538391114,0.015333674660209708,0.09674859276298575,0.005658815383911133
5.015756130218506,0.1,-0.1,-0.09434118461608887,0.10565881538391114,0.015333674660209708,0.09674859276298575,0.005658815383911133
5.016816139221191,0.1,-0.1,-0.09434118461608887,0.10565881538391114,0.015333674660209708,0.09674859276298575,0.005658815383911133
5.017907381057739,0.1,-0.1,-0.09434118461608887,0.10565881538391114,0.015333674660209708,0.09674859276298575,0.005658815383911133
5.019033670425415,0.1,-0.1,-0.09434118461608887,0.10565881538391114,0.015333674660209708,0.09674859276298575,0.005658815383911133
5.020074367523193,0.1,-0.1,-0.09434118461608887,0.10565881538391114,0.015333674660209708,0.09674859276298575,0.005658815383911133
5.021155595779419,0.1,-0.1,-0.0943216404914856,0.10567835950851441,0.015376549125407975,0.09698189616893571,0.005678359508514404
5.023243427276611,0.1,-0.1,-0.0943216404914856,0.10567835950851441,0.01538653122711595,0.09708171718601544,0.005678359508514404
5.024267673492432,0.1,-0.1,-0.0943216404914856,0.10567835950851441,0.01538653122711595,0.09708171718601544,0.005678359508514404
5.025366544723511,0.1,-0.1,-0.0943216404914856,0.10567835950851441,0.01538653122711595,0.09708171718601544,0.005678359508514404
5.026404857635498,0.1,-0.1,-0.0943216404914856,0.10567835950851441,0.01538653122711595,0.09708171718601544,0.005678359508514404
5.027478218078613,0.1,-0.1,-0.0943216404914856,0.10567835950851441,0.01538653122711595,0.09708171718601544,0.005678359508514404
5.028612375259399,0.1,-0.1,-0.0943216404914856,0.10567835950851441,0.01538653122711595,0.09708171718601544,0.005678359508514404
5.029671669006348,0.1,-0.1,-0.0943216404914856,0.10567835950851441,0.01538653122711595,0.09708171718601544,0.005678359508514404
5.030765533447266,0.1,-0.1,-0.0943216404914856,0.10567835950851441,0.01538653122711595,0.09708171718601544,0.005678359508514404
5.0318763256073,0.1,-0.1,-0.0943216404914856,0.10567835950851441,0.01538653122711595,0.09708171718601544,0.005678359508514404
5.032957553863525,0.1,-0.1,-0.09425743293762208,0.10574256706237793,0.015527376548169387,0.09784809485791457,0.00574256706237793
5.035231590270996,0.1,-0.1,-0.09425743293762208,0.10574256706237793,0.015560171408458041,0.09817604346080111,0.00574256706237793
5.036122798919678,0.1,-0.1,-0.09425743293762208,0.10574256706237793,0.015560171408458041,0.09817604346080111,0.00574256706237793
5.037124872207642,0.1,-0.1,-0.09425743293762208,0.10574256706237793,0.015560171408458041,0.09817604346080111,0.00574256706237793
5.038200378417969,0.1,-0.1,-0.09425743293762208,0.10574256706237793,0.015560171408458041,0.09817604346080111,0.00574256706237793
5.0393126010894775,0.1,-0.1,-0.09425743293762208,0.10574256706237793,0.015560171408458041,0.09817604346080111,0.00574256706237793
5.040475368499756,0.1,-0.1,-0.09425743293762208,0.10574256706237793,0.015560171408458041,0.09817604346080111,0.00574256706237793
5.0415449142456055,0.1,-0.1,-0.09410958290100098,0.10589041709899903,0.01588444473508044,0.09994027636081415,0.005890417098999024
5.043782711029053,0.1,-0.1,-0.09410958290100098,0.10589041709899903,0.01595996676799182,0.10069549668992794,0.005890417098999024
5.044840097427368,0.1,-0.1,-0.09410958290100098,0.10589041709899903,0.01595996676799182,0.10069549668992794,0.005890417098999024
5.045884847640991,0.1,-0.1,-0.09410958290100098,0.10589041709899903,0.01595996676799182,0.10069549668992794,0.005890417098999024
5.047026634216309,0.1,-0.1,-0.09410958290100098,0.10589041709899903,0.01595996676799182,0.10069549668992794,0.005890417098999024
5.048117637634277,0.1,-0.1,-0.09410958290100098,0.10589041709899903,0.01595996676799182,0.10069549668992794,0.005890417098999024
5.049236536026001,0.1,-0.1,-0.09410958290100098,0.10589041709899903,0.01595996676799182,0.10069549668992794,0.005890417098999024
5.050356149673462,0.1,-0.1,-0.09410958290100098,0.10589041709899903,0.01595996676799182,0.10069549668992794,0.005890417098999024
5.0514795780181885,0.1,-0.1,-0.09403524827957153,0.10596475172042848,0.016122976778134696,0.10158225057706227,0.005964751720428467
5.05371356010437,0.1,-0.1,-0.09403524827957153,0.10596475172042848,0.016160948479365684,0.10196196758937215,0.005964751720428467
5.054863691329956,0.1,-0.1,-0.09403524827957153,0.10596475172042848,0.016160948479365684,0.10196196758937215,0.005964751720428467
5.0559186935424805,0.1,-0.1,-0.09403524827957153,0.10596475172042848,0.016160948479365684,0.10196196758937215,0.005964751720428467
5.056966781616211,0.1,-0.1,-0.09403524827957153,0.10596475172042848,0.016160948479365684,0.10196196758937215,0.005964751720428467
5.058076620101929,0.1,-0.1,-0.09403524827957153,0.10596475172042848,0.016160948479365684,0.10196196758937215,0.005964751720428467
5.059264421463013,0.1,-0.1,-0.09403524827957153,0.10596475172042848,0.016160948479365684,0.10196196758937215,0.005964751720428467
5.0605082511901855,0.1,-0.1,-0.09403524827957153,0.10596475172042848,0.016160948479365684,0.10196196758937215,0.005964751720428467
5.061769247055054,0.1,-0.1,-0.0939727897644043,0.1060272102355957,0.016297901691829875,0.10270691456234171,0.006027210235595703
5.062792778015137,0.1,-0.1,-0.0939727897644043,0.1060272102355957,0.01632980786776589,0.10302597632170185,0.006027210235595703
5.065137147903442,0.1,-0.1,-0.0939727897644043,0.1060272102355957,0.01632980786776589,0.10302597632170185,0.006027210235595703
5.066076755523682,0.1,-0.1,-0.0939727897644043,0.1060272102355957,0.01632980786776589,0.10302597632170185,0.006027210235595703
5.067206621170044,0.1,-0.1,-0.0939727897644043,0.1060272102355957,0.01632980786776589,0.10302597632170185,0.006027210235595703
5.068381309509277,0.1,-0.1,-0.0939727897644043,0.1060272102355957,0.01632980786776589,0.10302597632170185,0.006027210235595703
5.069498062133789,0.1,-0.1,-0.0939727897644043,0.1060272102355957,0.01632980786776589,0.10302597632170185,0.006027210235595703
5.070619106292725,0.1,-0.1,-0.0939727897644043,0.1060272102355957,0.01632980786776589,0.10302597632170185,0.006027210235595703
5.071754693984985,0.1,-0.1,-0.09382109355926514,0.10617890644073487,0.01666237907553789,0.10483472634803026,0.006178906440734863
5.073853015899658,0.1,-0.1,-0.09382109355926514,0.10617890644073487,0.016739877497381227,0.10560971056646362,0.006178906440734863
5.074983358383179,0.1,-0.1,-0.09382109355926514,0.10617890644073487,0.016739877497381227,0.10560971056646362,0.006178906440734863
5.076077461242676,0.1,-0.1,-0.09382109355926514,0.10617890644073487,0.016739877497381227,0.10560971056646362,0.006178906440734863
5.077059268951416,0.1,-0.1,-0.09382109355926514,0.10617890644073487,0.016739877497381227,0.10560971056646362,0.006178906440734863
5.078161001205444,0.1,-0.1,-0.09382109355926514,0.10617890644073487,0.016739877497381227,0.10560971056646362,0.006178906440734863
5.079347610473633,0.1,-0.1,-0.09382109355926514,0.10617890644073487,0.016739877497381227,0.10560971056646362,0.006178906440734863
5.080425977706909,0.1,-0.1,-0.09382109355926514,0.10617890644073487,0.016739877497381227,0.10560971056646362,0.006178906440734863
5.081488609313965,0.1,-0.1,-0.09382109355926514,0.10617890644073487,0.016739877497381227,0.10560971056646362,0.006178906440734863
5.082452058792114,0.1,-0.1,-0.09382109355926514,0.10617890644073487,0.016739877497381227,0.10560971056646362,0.006178906440734863
5.083485841751099,0.1,-0.1,-0.09366762638092041,0.1063323736190796,0.017076254381044265,0.10743880761964675,0.00633237361907959
5.085658311843872,0.1,-0.1,-0.09366762638092041,0.1063323736190796,0.017154664113575448,0.10822290494495856,0.00633237361907959
5.0866124629974365,0.1,-0.1,-0.09366762638092041,0.1063323736190796,0.017154664113575448,0.10822290494495856,0.00633237361907959
5.087783098220825,0.1,-0.1,-0.09366762638092041,0.1063323736190796,0.017154664113575448,0.10822290494495856,0.00633237361907959
5.088863134384155,0.1,-0.1,-0.09366762638092041,0.1063323736190796,0.017154664113575448,0.10822290494495856,0.00633237361907959
5.089998006820679,0.1,-0.1,-0.09366762638092041,0.1063323736190796,0.017154664113575448,0.10822290494495856,0.00633237361907959
5.091109275817871,0.1,-0.1,-0.09352109718322754,0.10647890281677247,0.017475760229220632,0.10996857412448169,0.006478902816772461
5.09230637550354,0.1,-0.1,-0.09352109718322754,0.10647890281677247,0.01755063131513083,0.11071728498358369,0.006478902816772461
5.093355417251587,0.1,-0.1,-0.09352109718322754,0.10647890281677247,0.01755063131513083,0.11071728498358369,0.006478902816772461
5.094534635543823,0.1,-0.1,-0.09352109718322754,0.10647890281677247,0.01755063131513083,0.11071728498358369,0.006478902816772461
5.096797704696655,0.1,-0.1,-0.09352109718322754,0.10647890281677247,0.01755063131513083,0.11071728498358369,0.006478902816772461
5.097821950912476,0.1,-0.1,-0.09352109718322754,0.10647890281677247,0.01755063131513083,0.11071728498358369,0.006478902816772461
5.098995208740234,0.1,-0.1,-0.09352109718322754,0.10647890281677247,0.01755063131513083,0.11071728498358369,0.006478902816772461
5.100040674209595,0.1,-0.1,-0.09352109718322754,0.10647890281677247,0.01755063131513083,0.11071728498358369,0.006478902816772461
5.10123085975647,0.1,-0.1,-0.0933663263320923,0.10663367366790771,0.01788970728979572,0.11256033621888006,0.006633673667907715
5.1035847663879395,0.1,-0.1,-0.0933663263320923,0.10663367366790771,0.017968796545564818,0.113351228776571,0.006633673667907715
5.104557514190674,0.1,-0.1,-0.0933663263320923,0.10663367366790771,0.017968796545564818,0.113351228776571,0.006633673667907715
5.105624198913574,0.1,-0.1,-0.0933663263320923,0.10663367366790771,0.017968796545564818,0.113351228776571,0.006633673667907715
5.1067869663238525,0.1,-0.1,-0.0933663263320923,0.10663367366790771,0.017968796545564818,0.113351228776571,0.006633673667907715
5.107942819595337,0.1,-0.1,-0.0933663263320923,0.10663367366790771,0.017968796545564818,0.113351228776571,0.006633673667907715
5.109143257141113,0.1,-0.1,-0.0933663263320923,0.10663367366790771,0.017968796545564818,0.113351228776571,0.006633673667907715
5.110167026519775,0.1,-0.1,-0.0933663263320923,0.10663367366790771,0.017968796545564818,0.113351228776571,0.006633673667907715
5.111355543136597,0.1,-0.1,-0.09314854860305787,0.10685145139694215,0.01844576418428747,0.11594312787345329,0.006851451396942139
5.112494945526123,0.1,-0.1,-0.09314854860305787,0.10685145139694215,0.01855706472076811,0.1170561332382597,0.006851451396942139
5.114663362503052,0.1,-0.1,-0.09314854860305787,0.10685145139694215,0.01855706472076811,0.1170561332382597,0.006851451396942139
5.115692377090454,0.1,-0.1,-0.09314854860305787,0.10685145139694215,0.01855706472076811,0.1170561332382597,0.006851451396942139
5.116778373718262,0.1,-0.1,-0.09314854860305787,0.10685145139694215,0.01855706472076811,0.1170561332382597,0.006851451396942139
5.117837190628052,0.1,-0.1,-0.09314854860305787,0.10685145139694215,0.01855706472076811,0.1170561332382597,0.006851451396942139
5.118916988372803,0.1,-0.1,-0.09314854860305787,0.10685145139694215,0.01855706472076811,0.1170561332382597,0.006851451396942139
5.120076894760132,0.1,-0.1,-0.09314854860305787,0.10685145139694215,0.01855706472076811,0.1170561332382597,0.006851451396942139
5.121162414550781,0.1,-0.1,-0.09290556955337526,0.10709443044662476,0.019089022333281615,0.11994591886656858,0.007094430446624756
5.123347282409668,0.1,-0.1,-0.09290556955337526,0.10709443044662476,0.01921322090050416,0.12118790453879402,0.007094430446624756
5.124368667602539,0.1,-0.1,-0.09290556955337526,0.10709443044662476,0.01921322090050416,0.12118790453879402,0.007094430446624756
5.125429391860962,0.1,-0.1,-0.09290556955337526,0.10709443044662476,0.01921322090050416,0.12118790453879402,0.007094430446624756
5.126455307006836,0.1,-0.1,-0.09290556955337526,0.10709443044662476,0.01921322090050416,0.12118790453879402,0.007094430446624756
5.127627611160278,0.1,-0.1,-0.09290556955337526,0.10709443044662476,0.01921322090050416,0.12118790453879402,0.007094430446624756
5.128752708435059,0.1,-0.1,-0.09290556955337526,0.10709443044662476,0.01921322090050416,0.12118790453879402,0.007094430446624756
5.1297996044158936,0.1,-0.1,-0.09290556955337526,0.10709443044662476,0.01921322090050416,0.12118790453879402,0.007094430446624756
5.130863428115845,0.1,-0.1,-0.09269513845443726,0.10730486154556275,0.0196737424585533,0.12368880912990554,0.0073048615455627445
5.13200306892395,0.1,-0.1,-0.09269513845443726,0.10730486154556275,0.019781318320560334,0.12476456774997591,0.0073048615455627445
5.134139060974121,0.1,-0.1,-0.09269513845443726,0.10730486154556275,0.019781318320560334,0.12476456774997591,0.0073048615455627445
5.13515830039978,0.1,-0.1,-0.09269513845443726,0.10730486154556275,0.019781318320560334,0.12476456774997591,0.0073048615455627445
5.136287689208984,0.1,-0.1,-0.09269513845443726,0.10730486154556275,0.019781318320560334,0.12476456774997591,0.0073048615455627445
5.137410879135132,0.1,-0.1,-0.09269513845443726,0.10730486154556275,0.019781318320560334,0.12476456774997591,0.0073048615455627445
5.138558864593506,0.1,-0.1,-0.09269513845443726,0.10730486154556275,0.019781318320560334,0.12476456774997591,0.0073048615455627445
5.139768123626709,0.1,-0.1,-0.09269513845443726,0.10730486154556275,0.019781318320560334,0.12476456774997591,0.0073048615455627445
5.140895843505859,0.1,-0.1,-0.09248588800430299,0.10751411199569702,0.020239085865137126,0.12724973869440104,0.007514111995697022
5.142054796218872,0.1,-0.1,-0.09248588800430299,0.10751411199569702,0.020346072557923853,0.1283196056222683,0.007514111995697022
5.143155097961426,0.1,-0.1,-0.09248588800430299,0.10751411199569702,0.020346072557923853,0.1283196056222683,0.007514111995697022
5.144256591796875,0.1,-0.1,-0.09248588800430299,0.10751411199569702,0.020346072557923853,0.1283196056222683,0.007514111995697022
5.146379470825195,0.1,-0.1,-0.09248588800430299,0.10751411199569702,0.020346072557923853,0.1283196056222683,0.007514111995697022
5.14737606048584,0.1,-0.1,-0.09248588800430299,0.10751411199569702,0.020346072557923853,0.1283196056222683,0.007514111995697022
5.148461580276489,0.1,-0.1,-0.09248588800430299,0.10751411199569702,0.020346072557923853,0.1283196056222683,0.007514111995697022
5.149552345275879,0.1,-0.1,-0.09248588800430299,0.10751411199569702,0.020346072557923853,0.1283196056222683,0.007514111995697022
5.1506266593933105,0.1,-0.1,-0.09248588800430299,0.10751411199569702,0.020346072557923853,0.1283196056222683,0.007514111995697022
5.1518073081970215,0.1,-0.1,-0.0921780686378479,0.10782193136215211,0.021019150856126198,0.131972194939741,0.007821931362152099
5.152947425842285,0.1,-0.1,-0.0921780686378479,0.10782193136215211,0.021176566614752708,0.1335463525260061,0.007821931362152099
5.1540687084198,0.1,-0.1,-0.0921780686378479,0.10782193136215211,0.021176566614752708,0.1335463525260061,0.007821931362152099
5.156286716461182,0.1,-0.1,-0.0921780686378479,0.10782193136215211,0.021176566614752708,0.1335463525260061,0.007821931362152099
5.157287120819092,0.1,-0.1,-0.0921780686378479,0.10782193136215211,0.021176566614752708,0.1335463525260061,0.007821931362152099
5.158390045166016,0.1,-0.1,-0.0921780686378479,0.10782193136215211,0.021176566614752708,0.1335463525260061,0.007821931362152099
5.159491300582886,0.1,-0.1,-0.0921780686378479,0.10782193136215211,0.021176566614752708,0.1335463525260061,0.007821931362152099
5.160591125488281,0.1,-0.1,-0.0921780686378479,0.10782193136215211,0.021176566614752708,0.1335463525260061,0.007821931362152099
5.16168737411499,0.1,-0.1,-0.09183533763885499,0.10816466236114503,0.02192551713242182,0.13760854771276798,0.00816466236114502
5.162772178649902,0.1,-0.1,-0.09183533763885499,0.10816466236114503,0.022100827952641306,0.13936165591496286,0.00816466236114502
5.163843393325806,0.1,-0.1,-0.09183533763885499,0.10816466236114503,0.022100827952641306,0.13936165591496286,0.00816466236114502
5.164942741394043,0.1,-0.1,-0.09183533763885499,0.10816466236114503,0.022100827952641306,0.13936165591496286,0.00816466236114502
5.166019439697266,0.1,-0.1,-0.09183533763885499,0.10816466236114503,0.022100827952641306,0.13936165591496286,0.00816466236114502
5.1682448387146,0.1,-0.1,-0.09183533763885499,0.10816466236114503,0.022100827952641306,0.13936165591496286,0.00816466236114502
5.169241428375244,0.1,-0.1,-0.09183533763885499,0.10816466236114503,0.022100827952641306,0.13936165591496286,0.00816466236114502
5.170403957366943,0.1,-0.1,-0.09183533763885499,0.10816466236114503,0.022100827952641306,0.13936165591496286,0.00816466236114502
5.171472787857056,0.1,-0.1,-0.09183533763885499,0.10816466236114503,0.022100827952641306,0.13936165591496286,0.00816466236114502
5.172589063644409,0.1,-0.1,-0.09149619388580323,0.10850380611419679,0.0228414388983049,0.14337632784108123,0.008503806114196778
5.174710512161255,0.1,-0.1,-0.09149619388580323,0.10850380611419679,0.023014957229487376,0.145111511152906,0.008503806114196778
5.175762176513672,0.1,-0.1,-0.09149619388580323,0.10850380611419679,0.023014957229487376,0.145111511152906,0.008503806114196778
5.176846504211426,0.1,-0.1,-0.09149619388580323,0.10850380611419679,0.023014957229487376,0.145111511152906,0.008503806114196778
5.177899599075317,0.1,-0.1,-0.09149619388580323,0.10850380611419679,0.023014957229487376,0.145111511152906,0.008503806114196778
5.1789939403533936,0.1,-0.1,-0.09149619388580323,0.10850380611419679,0.023014957229487376,0.145111511152906,0.008503806114196778
5.1800537109375,0.1,-0.1,-0.09149619388580323,0.10850380611419679,0.023014957229487376,0.145111511152906,0.008503806114196778
5.181193828582764,0.1,-0.1,-0.09113247203826905,0.10886752796173096,0.023808662310874404,0.14941134349143448,0.008867527961730957
5.183401346206665,0.1,-0.1,-0.09113247203826905,0.10886752796173096,0.023994806495615785,0.15127278533884825,0.008867527961730957
5.184380769729614,0.1,-0.1,-0.09113247203826905,0.10886752796173096,0.023994806495615785,0.15127278533884825,0.008867527961730957
5.18549108505249,0.1,-0.1,-0.09113247203826905,0.10886752796173096,0.023994806495615785,0.15127278533884825,0.008867527961730957
5.186615467071533,0.1,-0.1,-0.09113247203826905,0.10886752796173096,0.023994806495615785,0.15127278533884825,0.008867527961730957
5.187732458114624,0.1,-0.1,-0.09113247203826905,0.10886752796173096,0.023994806495615785,0.15127278533884825,0.008867527961730957
5.188780784606934,0.1,-0.1,-0.09113247203826905,0.10886752796173096,0.023994806495615785,0.15127278533884825,0.008867527961730957
5.189858913421631,0.1,-0.1,-0.09113247203826905,0.10886752796173096,0.023994806495615785,0.15127278533884825,0.008867527961730957
5.191009998321533,0.1,-0.1,-0.09074316692352295,0.10925683307647706,0.02484364713559469,0.15586814059117637,0.009256833076477051
5.192052125930786,0.1,-0.1,-0.09074316692352295,0.10925683307647706,0.02504294487680036,0.1578611180032331,0.009256833076477051
5.193197011947632,0.1,-0.1,-0.09074316692352295,0.10925683307647706,0.02504294487680036,0.1578611180032331,0.009256833076477051
5.1943230628967285,0.1,-0.1,-0.09074316692352295,0.10925683307647706,0.02504294487680036,0.1578611180032331,0.009256833076477051
5.196674108505249,0.1,-0.1,-0.09074316692352295,0.10925683307647706,0.02504294487680036,0.1578611180032331,0.009256833076477051
5.197694778442383,0.1,-0.1,-0.09074316692352295,0.10925683307647706,0.02504294487680036,0.1578611180032331,0.009256833076477051
5.198770523071289,0.1,-0.1,-0.09074316692352295,0.10925683307647706,0.02504294487680036,0.1578611180032331,0.009256833076477051
5.1998491287231445,0.1,-0.1,-0.09074316692352295,0.10925683307647706,0.02504294487680036,0.1578611180032331,0.009256833076477051
5.200977087020874,0.1,-0.1,-0.09074316692352295,0.10925683307647706,0.02504294487680036,0.1578611180032331,0.009256833076477051
5.202108144760132,0.1,-0.1,-0.09027276897430421,0.1097272310256958,0.026067597689177775,0.16340366663481976,0.0097272310256958
5.204355001449585,0.1,-0.1,-0.09027276897430421,0.1097272310256958,0.02630850205782942,0.16581271032133615,0.0097272310256958
5.205356597900391,0.1,-0.1,-0.09027276897430421,0.1097272310256958,0.02630850205782942,0.16581271032133615,0.0097272310256958
5.2064902782440186,0.1,-0.1,-0.09027276897430421,0.1097272310256958,0.02630850205782942,0.16581271032133615,0.0097272310256958
5.207700490951538,0.1,-0.1,-0.09027276897430421,0.1097272310256958,0.02630850205782942,0.16581271032133615,0.0097272310256958
5.208760023117065,0.1,-0.1,-0.09027276897430421,0.1097272310256958,0.02630850205782942,0.16581271032133615,0.0097272310256958
5.209889650344849,0.1,-0.1,-0.09027276897430421,0.1097272310256958,0.02630850205782942,0.16581271032133615,0.0097272310256958
5.211052179336548,0.1,-0.1,-0.09027276897430421,0.1097272310256958,0.02630850205782942,0.16581271032133615,0.0097272310256958
5.2121241092681885,0.1,-0.1,-0.08976501846313477,0.11023498153686524,0.02741323370834013,0.17178252171474895,0.010234981536865235
5.213182210922241,0.1,-0.1,-0.08976501846313477,0.11023498153686524,0.02767338066667669,0.17438399129811455,0.010234981536865235
5.214252233505249,0.1,-0.1,-0.08976501846313477,0.11023498153686524,0.02767338066667669,0.17438399129811455,0.010234981536865235
5.2164976596832275,0.1,-0.1,-0.08976501846313477,0.11023498153686524,0.02767338066667669,0.17438399129811455,0.010234981536865235
5.217519521713257,0.1,-0.1,-0.08976501846313477,0.11023498153686524,0.02767338066667669,0.17438399129811455,0.010234981536865235
5.218670606613159,0.1,-0.1,-0.08976501846313477,0.11023498153686524,0.02767338066667669,0.17438399129811455,0.010234981536865235
5.219776630401611,0.1,-0.1,-0.08976501846313477,0.11023498153686524,0.02767338066667669,0.17438399129811455,0.010234981536865235
5.22084903717041,0.1,-0.1,-0.08976501846313477,0.11023498153686524,0.02767338066667669,0.17438399129811455,0.010234981536865235
5.221953868865967,0.1,-0.1,-0.08923991298675538,0.11076008701324463,0.028814400411017876,0.18054313397773247,0.010760087013244629
5.224248647689819,0.1,-0.1,-0.08923991298675538,0.11076008701324463,0.029083566379145383,0.18323479365900752,0.010760087013244629
5.225313901901245,0.1,-0.1,-0.08923991298675538,0.11076008701324463,0.029083566379145383,0.18323479365900752,0.010760087013244629
5.226392984390259,0.1,-0.1,-0.08923991298675538,0.11076008701324463,0.029083566379145383,0.18323479365900752,0.010760087013244629
5.227465867996216,0.1,-0.1,-0.08923991298675538,0.11076008701324463,0.029083566379145383,0.18323479365900752,0.010760087013244629
5.22856330871582,0.1,-0.1,-0.08923991298675538,0.11076008701324463,0.029083566379145383,0.18323479365900752,0.010760087013244629
5.229551553726196,0.1,-0.1,-0.08923991298675538,0.11076008701324463,0.029083566379145383,0.18323479365900752,0.010760087013244629
5.230637788772583,0.1,-0.1,-0.08923991298675538,0.11076008701324463,0.029083566379145383,0.18323479365900752,0.010760087013244629
5.231709957122803,0.1,-0.1,-0.08873657226562501,0.111263427734375,0.030175823827995024,0.1891239609362002,0.011263427734375
5.233856916427612,0.1,-0.1,-0.08873657226562501,0.111263427734375,0.030433955622203246,0.19170527887828248,0.011263427734375
5.2348692417144775,0.1,-0.1,-0.08873657226562501,0.111263427734375,0.030433955622203246,0.19170527887828248,0.011263427734375
5.236153841018677,0.1,-0.1,-0.08873657226562501,0.111263427734375,0.030433955622203246,0.19170527887828248,0.011263427734375
5.237106800079346,0.1,-0.1,-0.08873657226562501,0.111263427734375,0.030433955622203246,0.19170527887828248,0.011263427734375
5.238214492797852,0.1,-0.1,-0.08873657226562501,0.111263427734375,0.030433955622203246,0.19170527887828248,0.011263427734375
5.239343643188477,0.1,-0.1,-0.08873657226562501,0.111263427734375,0.030433955622203246,0.19170527887828248,0.011263427734375
5.240596055984497,0.1,-0.1,-0.08873657226562501,0.111263427734375,0.030433955622203246,0.19170527887828248,0.011263427734375
5.2417168617248535,0.1,-0.1,-0.08873657226562501,0.111263427734375,0.030433955622203246,0.19170527887828248,0.011263427734375
5.242772340774536,0.1,-0.1,-0.08815150737762452,0.11184849262237549,0.03170164477309529,0.198531521507198,0.011848492622375488
5.243893384933472,0.1,-0.1,-0.08815150737762452,0.11184849262237549,0.032001860779118665,0.2015336815674318,0.011848492622375488
5.244981050491333,0.1,-0.1,-0.08815150737762452,0.11184849262237549,0.032001860779118665,0.2015336815674318,0.011848492622375488
5.247170686721802,0.1,-0.1,-0.08815150737762452,0.11184849262237549,0.032001860779118665,0.2015336815674318,0.011848492622375488
5.24812912940979,0.1,-0.1,-0.08815150737762452,0.11184849262237549,0.032001860779118665,0.2015336815674318,0.011848492622375488
5.24927544593811,0.1,-0.1,-0.08815150737762452,0.11184849262237549,0.032001860779118665,0.2015336815674318,0.011848492622375488
5.250404357910156,0.1,-0.1,-0.08815150737762452,0.11184849262237549,0.032001860779118665,0.2015336815674318,0.011848492622375488
5.2515294551849365,0.1,-0.1,-0.08815150737762452,0.11184849262237549,0.032001860779118665,0.2015336815674318,0.011848492622375488
5.252711534500122,0.1,-0.1,-0.08743103218078614,0.11256896781921387,0.033559971824579246,0.20991004005365377,0.012568967819213867
5.253860950469971,0.1,-0.1,-0.08743103218078614,0.11256896781921387,0.03392994772206481,0.2136097990285094,0.012568967819213867
5.255044460296631,0.1,-0.1,-0.08743103218078614,0.11256896781921387,0.03392994772206481,0.2136097990285094,0.012568967819213867
5.256120920181274,0.1,-0.1,-0.08743103218078614,0.11256896781921387,0.03392994772206481,0.2136097990285094,0.012568967819213867
5.257245063781738,0.1,-0.1,-0.08743103218078614,0.11256896781921387,0.03392994772206481,0.2136097990285094,0.012568967819213867
5.25838303565979,0.1,-0.1,-0.08743103218078614,0.11256896781921387,0.03392994772206481,0.2136097990285094,0.012568967819213867
5.259765863418579,0.1,-0.1,-0.08743103218078614,0.11256896781921387,0.03392994772206481,0.2136097990285094,0.012568967819213867
5.261844635009766,0.1,-0.1,-0.08743103218078614,0.11256896781921387,0.03392994772206481,0.2136097990285094,0.012568967819213867
5.262818813323975,0.1,-0.1,-0.08743103218078614,0.11256896781921387,0.03392994772206481,0.2136097990285094,0.012568967819213867
5.26389741897583,0.1,-0.1,-0.08679774856567384,0.11320225143432618,0.035296678333536724,0.2209442689921055,0.013202251434326172
5.265007734298706,0.1,-0.1,-0.08679774856567384,0.11320225143432618,0.03562210461101872,0.2241985317669255,0.013202251434326172
5.266111135482788,0.1,-0.1,-0.08679774856567384,0.11320225143432618,0.03562210461101872,0.2241985317669255,0.013202251434326172
5.267225027084351,0.1,-0.1,-0.08679774856567384,0.11320225143432618,0.03562210461101872,0.2241985317669255,0.013202251434326172
5.268326282501221,0.1,-0.1,-0.08679774856567384,0.11320225143432618,0.03562210461101872,0.2241985317669255,0.013202251434326172
5.269556760787964,0.1,-0.1,-0.08679774856567384,0.11320225143432618,0.03562210461101872,0.2241985317669255,0.013202251434326172
5.270752191543579,0.1,-0.1,-0.08679774856567384,0.11320225143432618,0.03562210461101872,0.2241985317669255,0.013202251434326172
5.271843194961548,0.1,-0.1,-0.08679774856567384,0.11320225143432618,0.03562210461101872,0.2241985317669255,0.013202251434326172
5.272980213165283,0.1,-0.1,-0.08679774856567384,0.11320225143432618,0.03562210461101872,0.2241985317669255,0.013202251434326172
5.275237798690796,0.1,-0.1,-0.086109601020813,0.11389039897918701,0.037104065298885575,0.23213666319698567,0.013890398979187011
5.276289939880371,0.1,-0.1,-0.086109601020813,0.11389039897918701,0.03745796259279026,0.23567563613603248,0.013890398979187011
5.278559923171997,0.1,-0.1,-0.086109601020813,0.11389039897918701,0.03745796259279026,0.23567563613603248,0.013890398979187011
5.27956223487854,0.1,-0.1,-0.086109601020813,0.11389039897918701,0.03745796259279026,0.23567563613603248,0.013890398979187011
5.2806971073150635,0.1,-0.1,-0.086109601020813,0.11389039897918701,0.03745796259279026,0.23567563613603248,0.013890398979187011
5.281779766082764,0.1,-0.1,-0.08530899333953858,0.11469100666046143,0.03917772054544891,0.24486713884987477,0.014691006660461426
5.28389048576355,0.1,-0.1,-0.08530899333953858,0.11469100666046143,0.03958984877600599,0.24898842115544567,0.014691006660461426
5.2848827838897705,0.1,-0.1,-0.08530899333953858,0.11469100666046143,0.03958984877600599,0.24898842115544567,0.014691006660461426
5.286005973815918,0.1,-0.1,-0.08530899333953858,0.11469100666046143,0.03958984877600599,0.24898842115544567,0.014691006660461426
5.287079095840454,0.1,-0.1,-0.08530899333953858,0.11469100666046143,0.03958984877600599,0.24898842115544567,0.014691006660461426
5.288148641586304,0.1,-0.1,-0.08530899333953858,0.11469100666046143,0.03958984877600599,0.24898842115544567,0.014691006660461426
5.289165258407593,0.1,-0.1,-0.08530899333953858,0.11469100666046143,0.03958984877600599,0.24898842115544567,0.014691006660461426
5.2902750968933105,0.1,-0.1,-0.08530899333953858,0.11469100666046143,0.03958984877600599,0.24898842115544567,0.014691006660461426
5.291481971740723,0.1,-0.1,-0.08449986934661866,0.11550013065338136,0.04132287533767661,0.2582274468429526,0.015500130653381348
5.292457342147827,0.1,-0.1,-0.08449986934661866,0.11550013065338136,0.04173981230418145,0.262396816508001,0.015500130653381348
5.293513298034668,0.1,-0.1,-0.08449986934661866,0.11550013065338136,0.04173981230418145,0.262396816508001,0.015500130653381348
5.294626474380493,0.1,-0.1,-0.08449986934661866,0.11550013065338136,0.04173981230418145,0.262396816508001,0.015500130653381348
5.295748233795166,0.1,-0.1,-0.08449986934661866,0.11550013065338136,0.04173981230418145,0.262396816508001,0.015500130653381348
5.296832084655762,0.1,-0.1,-0.08449986934661866,0.11550013065338136,0.04173981230418145,0.262396816508001,0.015500130653381348
5.2979514598846436,0.1,-0.1,-0.08449986934661866,0.11550013065338136,0.04173981230418145,0.262396816508001,0.015500130653381348
5.299108505249023,0.1,-0.1,-0.08449986934661866,0.11550013065338136,0.04173981230418145,0.262396816508001,0.015500130653381348
5.30017876625061,0.1,-0.1,-0.08449986934661866,0.11550013065338136,0.04173981230418145,0.262396816508001,0.015500130653381348
5.301237106323242,0.1,-0.1,-0.08449986934661866,0.11550013065338136,0.04173981230418145,0.262396816508001,0.015500130653381348
5.303506851196289,0.1,-0.1,-0.08368436241149903,0.11631563758850098,0.04348112849457775,0.2716549090607677,0.016315637588500978
5.304476022720337,0.1,-0.1,-0.08368436241149903,0.11631563758850098,0.04390180717618909,0.27586169587688114,0.016315637588500978
5.305590867996216,0.1,-0.1,-0.08368436241149903,0.11631563758850098,0.04390180717618909,0.27586169587688114,0.016315637588500978
5.306711196899414,0.1,-0.1,-0.08368436241149903,0.11631563758850098,0.04390180717618909,0.27586169587688114,0.016315637588500978
5.307828664779663,0.1,-0.1,-0.08368436241149903,0.11631563758850098,0.04390180717618909,0.27586169587688114,0.016315637588500978
5.309947490692139,0.1,-0.1,-0.08368436241149903,0.11631563758850098,0.04390180717618909,0.27586169587688114,0.016315637588500978
5.310911417007446,0.1,-0.1,-0.08281739234924317,0.11718260765075685,0.04574676676090057,0.2856415911014374,0.017182607650756836
5.312027454376221,0.1,-0.1,-0.08281739234924317,0.11718260765075685,0.04619452850359014,0.29011920852833306,0.017182607650756836
5.313184022903442,0.1,-0.1,-0.08281739234924317,0.11718260765075685,0.04619452850359014,0.29011920852833306,0.017182607650756836
5.314289569854736,0.1,-0.1,-0.08281739234924317,0.11718260765075685,0.04619452850359014,0.29011920852833306,0.017182607650756836
5.315437078475952,0.1,-0.1,-0.08281739234924317,0.11718260765075685,0.04619452850359014,0.29011920852833306,0.017182607650756836
5.31650447845459,0.1,-0.1,-0.08281739234924317,0.11718260765075685,0.04619452850359014,0.29011920852833306,0.017182607650756836
5.317598104476929,0.1,-0.1,-0.08281739234924317,0.11718260765075685,0.04619452850359014,0.29011920852833306,0.017182607650756836
5.318824291229248,0.1,-0.1,-0.08281739234924317,0.11718260765075685,0.04619452850359014,0.29011920852833306,0.017182607650756836
5.320057153701782,0.1,-0.1,-0.08281739234924317,0.11718260765075685,0.04619452850359014,0.29011920852833306,0.017182607650756836
5.322371959686279,0.1,-0.1,-0.08184138870239258,0.11815861129760744,0.048263399157365564,0.30104787859758136,0.018158611297607423
5.324510335922241,0.1,-0.1,-0.08184138870239258,0.11815861129760744,0.04876818539712535,0.3060957409951793,0.018158611297607423
5.325644016265869,0.1,-0.1,-0.08184138870239258,0.11815861129760744,0.04876818539712535,0.3060957409951793,0.018158611297607423
5.326761484146118,0.1,-0.1,-0.08184138870239258,0.11815861129760744,0.04876818539712535,0.3060957409951793,0.018158611297607423
5.32781457901001,0.1,-0.1,-0.08184138870239258,0.11815861129760744,0.04876818539712535,0.3060957409951793,0.018158611297607423
5.328818321228027,0.1,-0.1,-0.08184138870239258,0.11815861129760744,0.04876818539712535,0.3060957409951793,0.018158611297607423
5.329946279525757,0.1,-0.1,-0.08184138870239258,0.11815861129760744,0.04876818539712535,0.3060957409951793,0.018158611297607423
5.331075429916382,0.1,-0.1,-0.08079609680175781,0.1192039031982422,0.050973905654584775,0.31770002456342583,0.019203903198242188
5.332251310348511,0.1,-0.1,-0.08079609680175781,0.1192039031982422,0.051515385272080536,0.3231148207383835,0.019203903198242188
5.334459066390991,0.1,-0.1,-0.08079609680175781,0.1192039031982422,0.051515385272080536,0.3231148207383835,0.019203903198242188
5.3355982303619385,0.1,-0.1,-0.08079609680175781,0.1192039031982422,0.051515385272080536,0.3231148207383835,0.019203903198242188
5.336693048477173,0.1,-0.1,-0.08079609680175781,0.1192039031982422,0.051515385272080536,0.3231148207383835,0.019203903198242188
5.337785482406616,0.1,-0.1,-0.08079609680175781,0.1192039031982422,0.051515385272080536,0.3231148207383835,0.019203903198242188
5.338806867599487,0.1,-0.1,-0.08079609680175781,0.1192039031982422,0.051515385272080536,0.3231148207383835,0.019203903198242188
5.339867353439331,0.1,-0.1,-0.08079609680175781,0.1192039031982422,0.051515385272080536,0.3231148207383835,0.019203903198242188
5.341064929962158,0.1,-0.1,-0.08079609680175781,0.1192039031982422,0.051515385272080536,0.3231148207383835,0.019203903198242188
5.342112064361572,0.1,-0.1,-0.07974625396728516,0.12025374603271485,0.05371974784593689,0.33466001813222046,0.020253746032714844
5.344388723373413,0.1,-0.1,-0.07974625396728516,0.12025374603271485,0.0542644917126973,0.3401074567998245,0.020253746032714844
5.345309257507324,0.1,-0.1,-0.07974625396728516,0.12025374603271485,0.0542644917126973,0.3401074567998245,0.020253746032714844
5.34640645980835,0.1,-0.1,-0.07974625396728516,0.12025374603271485,0.0542644917126973,0.3401074567998245,0.020253746032714844
5.3475182056427,0.1,-0.1,-0.07974625396728516,0.12025374603271485,0.0542644917126973,0.3401074567998245,0.020253746032714844
5.348625183105469,0.1,-0.1,-0.07974625396728516,0.12025374603271485,0.0542644917126973,0.3401074567998245,0.020253746032714844
5.349754095077515,0.1,-0.1,-0.07974625396728516,0.12025374603271485,0.0542644917126973,0.3401074567998245,0.020253746032714844
5.350858211517334,0.1,-0.1,-0.07974625396728516,0.12025374603271485,0.0542644917126973,0.3401074567998245,0.020253746032714844
5.352093696594238,0.1,-0.1,-0.07871367073059082,0.12128632926940919,0.05642136325788108,0.351350339884719,0.02128632926940918
5.3532395362854,0.1,-0.1,-0.07871367073059082,0.12128632926940919,0.05695806760665158,0.35671738337242404,0.02128632926940918
5.354411840438843,0.1,-0.1,-0.07871367073059082,0.12128632926940919,0.05695806760665158,0.35671738337242404,0.02128632926940918
5.355767726898193,0.1,-0.1,-0.07871367073059082,0.12128632926940919,0.05695806760665158,0.35671738337242404,0.02128632926940918
5.357961177825928,0.1,-0.1,-0.07871367073059082,0.12128632926940919,0.05695806760665158,0.35671738337242404,0.02128632926940918
5.358865261077881,0.1,-0.1,-0.07871367073059082,0.12128632926940919,0.05695806760665158,0.35671738337242404,0.02128632926940918
5.35994029045105,0.1,-0.1,-0.07871367073059082,0.12128632926940919,0.05695806760665158,0.35671738337242404,0.02128632926940918
5.36108660697937,0.1,-0.1,-0.07752923011779786,0.12247076988220215,0.05941762160165845,0.3694685171945629,0.02247076988220215
5.362098932266235,0.1,-0.1,-0.07752923011779786,0.12247076988220215,0.06003451504550383,0.3756374516330168,0.02247076988220215
5.363290548324585,0.1,-0.1,-0.07752923011779786,0.12247076988220215,0.06003451504550383,0.3756374516330168,0.02247076988220215
5.3656229972839355,0.1,-0.1,-0.07752923011779786,0.12247076988220215,0.06003451504550383,0.3756374516330168,0.02247076988220215
5.366692543029785,0.1,-0.1,-0.07752923011779786,0.12247076988220215,0.06003451504550383,0.3756374516330168,0.02247076988220215
5.3677661418914795,0.1,-0.1,-0.07752923011779786,0.12247076988220215,0.06003451504550383,0.3756374516330168,0.02247076988220215
5.368894815444946,0.1,-0.1,-0.07752923011779786,0.12247076988220215,0.06003451504550383,0.3756374516330168,0.02247076988220215
5.369948148727417,0.1,-0.1,-0.07752923011779786,0.12247076988220215,0.06003451504550383,0.3756374516330168,0.02247076988220215
5.371081590652466,0.1,-0.1,-0.07752923011779786,0.12247076988220215,0.06003451504550383,0.3756374516330168,0.02247076988220215
5.372173070907593,0.1,-0.1,-0.07626507377624513,0.12373492622375488,0.06264167827814263,0.38906752054387744,0.023734926223754883
5.373250961303711,0.1,-0.1,-0.07626507377624513,0.12373492622375488,0.06330158797696833,0.3956666175321345,0.023734926223754883
5.374330043792725,0.1,-0.1,-0.07626507377624513,0.12373492622375488,0.06330158797696833,0.3956666175321345,0.023734926223754883
5.375419855117798,0.1,-0.1,-0.07626507377624513,0.12373492622375488,0.06330158797696833,0.3956666175321345,0.023734926223754883
5.376599311828613,0.1,-0.1,-0.07626507377624513,0.12373492622375488,0.06330158797696833,0.3956666175321345,0.023734926223754883
5.377659320831299,0.1,-0.1,-0.07626507377624513,0.12373492622375488,0.06330158797696833,0.3956666175321345,0.023734926223754883
5.378768444061279,0.1,-0.1,-0.07626507377624513,0.12373492622375488,0.06330158797696833,0.3956666175321345,0.023734926223754883
5.379864692687988,0.1,-0.1,-0.07626507377624513,0.12373492622375488,0.06330158797696833,0.3956666175321345,0.023734926223754883
5.380937576293945,0.1,-0.1,-0.07626507377624513,0.12373492622375488,0.06330158797696833,0.3956666175321345,0.023734926223754883
5.381979703903198,0.1,-0.1,-0.07626507377624513,0.12373492622375488,0.06330158797696833,0.3956666175321345,0.023734926223754883
5.383101940155029,0.1,-0.1,-0.07626507377624513,0.12373492622375488,0.06330158797696833,0.3956666175321345,0.023734926223754883
5.384200572967529,0.1,-0.1,-0.07626507377624513,0.12373492622375488,0.06330158797696833,0.3956666175321345,0.023734926223754883
5.385228633880615,0.1,-0.1,-0.07626507377624513,0.12373492622375488,0.06330158797696833,0.3956666175321345,0.023734926223754883
5.386311769485474,0.1,-0.1,-0.07626507377624513,0.12373492622375488,0.06330158797696833,0.3956666175321345,0.023734926223754883
5.387404441833496,0.1,-0.1,-0.07626507377624513,0.12373492622375488,0.06330158797696833,0.3956666175321345,0.023734926223754883
5.3885698318481445,0.1,-0.1,-0.07626507377624513,0.12373492622375488,0.06330158797696833,0.3956666175321345,0.023734926223754883
5.389646053314209,0.1,-0.1,-0.07626507377624513,0.12373492622375488,0.06330158797696833,0.3956666175321345,0.023734926223754883
5.390728712081909,0.1,-0.1,-0.07626507377624513,0.12373492622375488,0.06330158797696833,0.3956666175321345,0.023734926223754883
5.391828536987305,0.1,-0.1,-0.07626507377624513,0.12373492622375488,0.06330158797696833,0.3956666175321345,0.023734926223754883
5.392895460128784,0.1,-0.1,-0.07626507377624513,0.12373492622375488,0.06330158797696833,0.3956666175321345,0.023734926223754883
5.393968343734741,0.1,-0.1,-0.07626507377624513,0.12373492622375488,0.06330158797696833,0.3956666175321345,0.023734926223754883
5.395022392272949,0.1,-0.1,-0.07626507377624513,0.12373492622375488,0.06330158797696833,0.3956666175321345,0.023734926223754883
5.39609956741333,0.1,-0.1,-0.07626507377624513,0.12373492622375488,0.06330158797696833,0.3956666175321345,0.023734926223754883
5.397217512130737,0.1,-0.1,-0.07626507377624513,0.12373492622375488,0.06330158797696833,0.3956666175321345,0.023734926223754883
5.398291349411011,0.1,-0.1,-0.07626507377624513,0.12373492622375488,0.06330158797696833,0.3956666175321345,0.023734926223754883
5.3994221687316895,0.1,-0.1,-0.07626507377624513,0.12373492622375488,0.06330158797696833,0.3956666175321345,0.023734926223754883
5.400546550750732,0.1,-0.1,-0.07626507377624513,0.12373492622375488,0.06330158797696833,0.3956666175321345,0.023734926223754883
5.40165638923645,0.1,-0.1,-0.07626507377624513,0.12373492622375488,0.06330158797696833,0.3956666175321345,0.023734926223754883
5.402822732925415,0.1,-0.1,-0.07626507377624513,0.12373492622375488,0.06330158797696833,0.3956666175321345,0.023734926223754883
5.403992652893066,0.1,-0.1,-0.07626507377624513,0.12373492622375488,0.06330158797696833,0.3956666175321345,0.023734926223754883
5.405080795288086,0.1,-0.1,-0.07626507377624513,0.12373492622375488,0.06330158797696833,0.3956666175321345,0.023734926223754883
5.406091213226318,0.1,-0.1,-0.07626507377624513,0.12373492622375488,0.06330158797696833,0.3956666175321345,0.023734926223754883
5.4083287715911865,0.1,-0.1,-0.07500218963623048,0.12499781036376953,0.06588676806175722,0.4088895769798768,0.02499781036376953
5.409286022186279,0.1,-0.1,-0.07500218963623048,0.12499781036376953,0.06654757213377602,0.41549761770006494,0.02499781036376953
5.411539554595947,0.1,-0.1,-0.07368120193481446,0.12631879806518556,0.06922993381491079,0.4291113574972524,0.026318798065185545
5.41375207901001,0.1,-0.1,-0.07227972793579102,0.127720272064209,0.07274321417523213,0.4502294211102314,0.027720272064208986
5.4159064292907715,0.1,-0.1,-0.07078577613830567,0.12921422386169434,0.07645661696640113,0.47242393104706787,0.029214223861694335
5.417910814285278,0.1,-0.1,-0.07078577613830567,0.12921422386169434,0.07724498446107889,0.4803076059938454,0.029214223861694335
5.418867349624634,0.1,-0.1,-0.07078577613830567,0.12921422386169434,0.07724498446107889,0.4803076059938454,0.029214223861694335
5.419991970062256,0.1,-0.1,-0.07078577613830567,0.12921422386169434,0.07724498446107889,0.4803076059938454,0.029214223861694335
5.421773672103882,0.1,-0.1,-0.06922839546203613,0.13077160453796388,0.08031269175128378,0.49541087213319895,0.03077160453796387
5.422867298126221,0.1,-0.1,-0.06922839546203613,0.13077160453796388,0.08113727850934363,0.5036567397137977,0.03077160453796387
5.425028085708618,0.1,-0.1,-0.06922839546203613,0.13077160453796388,0.08113727850934363,0.5036567397137977,0.03077160453796387
5.425971984863281,0.1,-0.1,-0.06922839546203613,0.13077160453796388,0.08113727850934363,0.5036567397137977,0.03077160453796387
5.427056789398193,0.1,-0.1,-0.06922839546203613,0.13077160453796388,0.08113727850934363,0.5036567397137977,0.03077160453796387
5.428120851516724,0.1,-0.1,-0.06922839546203613,0.13077160453796388,0.08113727850934363,0.5036567397137977,0.03077160453796387
5.429135084152222,0.1,-0.1,-0.06922839546203613,0.13077160453796388,0.08113727850934363,0.5036567397137977,0.03077160453796387
5.4301886558532715,0.1,-0.1,-0.06922839546203613,0.13077160453796388,0.08113727850934363,0.5036567397137977,0.03077160453796387
5.4312965869903564,0.1,-0.1,-0.06757324600219727,0.13242675399780274,0.08435683583649961,0.5193008183869687,0.03242675399780273
5.43235445022583,0.1,-0.1,-0.06757324600219727,0.13242675399780274,0.08523639347860551,0.5280963948080277,0.03242675399780273
5.4333415031433105,0.1,-0.1,-0.06757324600219727,0.13242675399780274,0.08523639347860551,0.5280963948080277,0.03242675399780273
5.434339761734009,0.1,-0.1,-0.06757324600219727,0.13242675399780274,0.08523639347860551,0.5280963948080277,0.03242675399780273
5.436673402786255,0.1,-0.1,-0.06757324600219727,0.13242675399780274,0.08523639347860551,0.5280963948080277,0.03242675399780273
5.437666893005371,0.1,-0.1,-0.06757324600219727,0.13242675399780274,0.08523639347860551,0.5280963948080277,0.03242675399780273
5.438759088516235,0.1,-0.1,-0.06757324600219727,0.13242675399780274,0.08523639347860551,0.5280963948080277,0.03242675399780273
5.439824342727661,0.1,-0.1,-0.06757324600219727,0.13242675399780274,0.08523639347860551,0.5280963948080277,0.03242675399780273
5.441759824752808,0.1,-0.1,-0.06588117218017578,0.13411882781982423,0.088482517263805,0.5436368944398078,0.03411882781982422
5.4428277015686035,0.1,-0.1,-0.06588117218017578,0.13411882781982423,0.0893851472239015,0.5526631940407729,0.03411882781982422
5.443910121917725,0.1,-0.1,-0.06588117218017578,0.13411882781982423,0.0893851472239015,0.5526631940407729,0.03411882781982422
5.4450273513793945,0.1,-0.1,-0.06588117218017578,0.13411882781982423,0.0893851472239015,0.5526631940407729,0.03411882781982422
5.446051597595215,0.1,-0.1,-0.06588117218017578,0.13411882781982423,0.0893851472239015,0.5526631940407729,0.03411882781982422
5.447229385375977,0.1,-0.1,-0.06588117218017578,0.13411882781982423,0.0893851472239015,0.5526631940407729,0.03411882781982422
5.449491024017334,0.1,-0.1,-0.06588117218017578,0.13411882781982423,0.0893851472239015,0.5526631940407729,0.03411882781982422
5.450515508651733,0.1,-0.1,-0.06588117218017578,0.13411882781982423,0.0893851472239015,0.5526631940407729,0.03411882781982422
5.451645851135254,0.1,-0.1,-0.06411301040649414,0.13588698959350587,0.09272619402751148,0.5683920443400561,0.03588698959350586
5.452819347381592,0.1,-0.1,-0.06411301040649414,0.13588698959350587,0.09367328147067894,0.5778629187717308,0.03588698959350586
5.4538915157318115,0.1,-0.1,-0.06411301040649414,0.13588698959350587,0.09367328147067894,0.5778629187717308,0.03588698959350586
5.454973936080933,0.1,-0.1,-0.06411301040649414,0.13588698959350587,0.09367328147067894,0.5778629187717308,0.03588698959350586
5.456111192703247,0.1,-0.1,-0.06411301040649414,0.13588698959350587,0.09367328147067894,0.5778629187717308,0.03588698959350586
5.457154273986816,0.1,-0.1,-0.06411301040649414,0.13588698959350587,0.09367328147067894,0.5778629187717308,0.03588698959350586
5.459272146224976,0.1,-0.1,-0.06411301040649414,0.13588698959350587,0.09367328147067894,0.5778629187717308,0.03588698959350586
5.46023964881897,0.1,-0.1,-0.06411301040649414,0.13588698959350587,0.09367328147067894,0.5778629187717308,0.03588698959350586
5.461305856704712,0.1,-0.1,-0.06411301040649414,0.13588698959350587,0.09367328147067894,0.5778629187717308,0.03588698959350586
5.462393522262573,0.1,-0.1,-0.06411301040649414,0.13588698959350587,0.09367328147067894,0.5778629187717308,0.03588698959350586
5.4634928703308105,0.1,-0.1,-0.06411301040649414,0.13588698959350587,0.09367328147067894,0.5778629187717308,0.03588698959350586
5.464654207229614,0.1,-0.1,-0.062141185760498055,0.13785881423950197,0.09733486028979783,0.5947604605029588,0.03785881423950195
5.465728759765625,0.1,-0.1,-0.062141185760498055,0.13785881423950197,0.09839596463755529,0.6053715039805334,0.03785881423950195
5.466763257980347,0.1,-0.1,-0.062141185760498055,0.13785881423950197,0.09839596463755529,0.6053715039805334,0.03785881423950195
5.467848062515259,0.1,-0.1,-0.062141185760498055,0.13785881423950197,0.09839596463755529,0.6053715039805334,0.03785881423950195
5.469020366668701,0.1,-0.1,-0.062141185760498055,0.13785881423950197,0.09839596463755529,0.6053715039805334,0.03785881423950195
5.471277236938477,0.1,-0.1,-0.060207221984863286,0.13979277801513673,0.10191898569425106,0.6212620767911434,0.03979277801513672
5.472282886505127,0.1,-0.1,-0.060207221984863286,0.13979277801513673,0.10296455384047398,0.6317177582533726,0.03979277801513672
5.473383903503418,0.1,-0.1,-0.060207221984863286,0.13979277801513673,0.10296455384047398,0.6317177582533726,0.03979277801513672
5.474478721618652,0.1,-0.1,-0.060207221984863286,0.13979277801513673,0.10296455384047398,0.6317177582533726,0.03979277801513672
5.476745367050171,0.1,-0.1,-0.060207221984863286,0.13979277801513673,0.10296455384047398,0.6317177582533726,0.03979277801513672
5.477735280990601,0.1,-0.1,-0.060207221984863286,0.13979277801513673,0.10296455384047398,0.6317177582533726,0.03979277801513672
5.478820562362671,0.1,-0.1,-0.060207221984863286,0.13979277801513673,0.10296455384047398,0.6317177582533726,0.03979277801513672
5.479934453964233,0.1,-0.1,-0.060207221984863286,0.13979277801513673,0.10296455384047398,0.6317177582533726,0.03979277801513672
5.481059551239014,0.1,-0.1,-0.058120426177978524,0.1418795738220215,0.1066868780115572,0.6480730418953572,0.04187957382202148
5.483241319656372,0.1,-0.1,-0.058120426177978524,0.1418795738220215,0.107820795592923,0.6594122177090151,0.04187957382202148
5.484223365783691,0.1,-0.1,-0.058120426177978524,0.1418795738220215,0.107820795592923,0.6594122177090151,0.04187957382202148
5.485226392745972,0.1,-0.1,-0.058120426177978524,0.1418795738220215,0.107820795592923,0.6594122177090151,0.04187957382202148
5.4862751960754395,0.1,-0.1,-0.058120426177978524,0.1418795738220215,0.107820795592923,0.6594122177090151,0.04187957382202148
5.487445831298828,0.1,-0.1,-0.058120426177978524,0.1418795738220215,0.107820795592923,0.6594122177090151,0.04187957382202148
5.488521099090576,0.1,-0.1,-0.058120426177978524,0.1418795738220215,0.107820795592923,0.6594122177090151,0.04187957382202148
5.489555358886719,0.1,-0.1,-0.058120426177978524,0.1418795738220215,0.107820795592923,0.6594122177090151,0.04187957382202148
5.490666151046753,0.1,-0.1,-0.058120426177978524,0.1418795738220215,0.107820795592923,0.6594122177090151,0.04187957382202148
5.491805076599121,0.1,-0.1,-0.05589618682861329,0.1441038131713867,0.11169448406845685,0.6759067089707013,0.044103813171386716
5.492856502532959,0.1,-0.1,-0.05589618682861329,0.1441038131713867,0.1129096629091727,0.6880584973778598,0.044103813171386716
5.493825674057007,0.1,-0.1,-0.05589618682861329,0.1441038131713867,0.1129096629091727,0.6880584973778598,0.044103813171386716
5.494948148727417,0.1,-0.1,-0.05589618682861329,0.1441038131713867,0.1129096629091727,0.6880584973778598,0.044103813171386716
5.4959728717803955,0.1,-0.1,-0.05589618682861329,0.1441038131713867,0.1129096629091727,0.6880584973778598,0.044103813171386716
5.497045278549194,0.1,-0.1,-0.05589618682861329,0.1441038131713867,0.1129096629091727,0.6880584973778598,0.044103813171386716
5.499110460281372,0.1,-0.1,-0.05589618682861329,0.1441038131713867,0.1129096629091727,0.6880584973778598,0.044103813171386716
5.500138998031616,0.1,-0.1,-0.05589618682861329,0.1441038131713867,0.1129096629091727,0.6880584973778598,0.044103813171386716
5.501216173171997,0.1,-0.1,-0.05589618682861329,0.1441038131713867,0.1129096629091727,0.6880584973778598,0.044103813171386716
5.502358913421631,0.1,-0.1,-0.05589618682861329,0.1441038131713867,0.1129096629091727,0.6880584973778598,0.044103813171386716
5.503610134124756,0.1,-0.1,-0.05362954330444337,0.14637045669555665,0.11675414681583121,0.7038369012027457,0.04637045669555664
5.504718065261841,0.1,-0.1,-0.05362954330444337,0.14637045669555665,0.1179993653278851,0.7162890863232847,0.04637045669555664
5.505772113800049,0.1,-0.1,-0.05362954330444337,0.14637045669555665,0.1179993653278851,0.7162890863232847,0.04637045669555664
5.507894515991211,0.1,-0.1,-0.05362954330444337,0.14637045669555665,0.1179993653278851,0.7162890863232847,0.04637045669555664
5.508871793746948,0.1,-0.1,-0.05362954330444337,0.14637045669555665,0.1179993653278851,0.7162890863232847,0.04637045669555664
5.509962320327759,0.1,-0.1,-0.05362954330444337,0.14637045669555665,0.1179993653278851,0.7162890863232847,0.04637045669555664
5.511065244674683,0.1,-0.1,-0.051290348052978524,0.1487096519470215,0.12185404610140863,0.7314439415438714,0.04870965194702148
5.5121681690216064,0.1,-0.1,-0.051290348052978524,0.1487096519470215,0.12314644189278152,0.7443678994576004,0.04870965194702148
5.513251781463623,0.1,-0.1,-0.051290348052978524,0.1487096519470215,0.12314644189278152,0.7443678994576004,0.04870965194702148
5.514362096786499,0.1,-0.1,-0.051290348052978524,0.1487096519470215,0.12314644189278152,0.7443678994576004,0.04870965194702148
5.516495704650879,0.1,-0.1,-0.051290348052978524,0.1487096519470215,0.12314644189278152,0.7443678994576004,0.04870965194702148
5.517434597015381,0.1,-0.1,-0.051290348052978524,0.1487096519470215,0.12314644189278152,0.7443678994576004,0.04870965194702148
5.5184714794158936,0.1,-0.1,-0.051290348052978524,0.1487096519470215,0.12314644189278152,0.7443678994576004,0.04870965194702148
5.519654035568237,0.1,-0.1,-0.051290348052978524,0.1487096519470215,0.12314644189278152,0.7443678994576004,0.04870965194702148
5.520754337310791,0.1,-0.1,-0.048768089294433596,0.1512319107055664,0.1271700480460215,0.7593813734045509,0.05123191070556641
5.521816253662109,0.1,-0.1,-0.048768089294433596,0.1512319107055664,0.12857203618825921,0.773401254826928,0.05123191070556641
5.524000883102417,0.1,-0.1,-0.048768089294433596,0.1512319107055664,0.12857203618825921,0.773401254826928,0.05123191070556641
5.525015115737915,0.1,-0.1,-0.048768089294433596,0.1512319107055664,0.12857203618825921,0.773401254826928,0.05123191070556641
5.526106357574463,0.1,-0.1,-0.048768089294433596,0.1512319107055664,0.12857203618825921,0.773401254826928,0.05123191070556641
5.527220249176025,0.1,-0.1,-0.048768089294433596,0.1512319107055664,0.12857203618825921,0.773401254826928,0.05123191070556641
5.528345346450806,0.1,-0.1,-0.048768089294433596,0.1512319107055664,0.12857203618825921,0.773401254826928,0.05123191070556641
5.5294458866119385,0.1,-0.1,-0.048768089294433596,0.1512319107055664,0.12857203618825921,0.773401254826928,0.05123191070556641
5.530553102493286,0.1,-0.1,-0.048768089294433596,0.1512319107055664,0.12857203618825921,0.773401254826928,0.05123191070556641
5.531723976135254,0.1,-0.1,-0.04607326889038087,0.15392673110961913,0.1327141977937685,0.7878746668414935,0.05392673110961914
5.5328357219696045,0.1,-0.1,-0.04607326889038087,0.15392673110961913,0.1342215985781896,0.8029486746857044,0.05392673110961914
5.534942388534546,0.1,-0.1,-0.04607326889038087,0.15392673110961913,0.1342215985781896,0.8029486746857044,0.05392673110961914
5.536053895950317,0.1,-0.1,-0.04607326889038087,0.15392673110961913,0.1342215985781896,0.8029486746857044,0.05392673110961914
5.537163496017456,0.1,-0.1,-0.04607326889038087,0.15392673110961913,0.1342215985781896,0.8029486746857044,0.05392673110961914
5.5381927490234375,0.1,-0.1,-0.04607326889038087,0.15392673110961913,0.1342215985781896,0.8029486746857044,0.05392673110961914
5.539279937744141,0.1,-0.1,-0.04607326889038087,0.15392673110961913,0.1342215985781896,0.8029486746857044,0.05392673110961914
5.540319442749023,0.1,-0.1,-0.043395961761474616,0.1566040382385254,0.1381724487198081,0.8156841048128273,0.05660403823852539
5.541361331939697,0.1,-0.1,-0.043395961761474616,0.1566040382385254,0.1396791876395454,0.8307514940102,0.05660403823852539
5.542479753494263,0.1,-0.1,-0.043395961761474616,0.1566040382385254,0.1396791876395454,0.8307514940102,0.05660403823852539
5.544837236404419,0.1,-0.1,-0.043395961761474616,0.1566040382385254,0.1396791876395454,0.8307514940102,0.05660403823852539
5.54582667350769,0.1,-0.1,-0.043395961761474616,0.1566040382385254,0.1396791876395454,0.8307514940102,0.05660403823852539
5.546863555908203,0.1,-0.1,-0.043395961761474616,0.1566040382385254,0.1396791876395454,0.8307514940102,0.05660403823852539
5.547960996627808,0.1,-0.1,-0.043395961761474616,0.1566040382385254,0.1396791876395454,0.8307514940102,0.05660403823852539
5.549126148223877,0.1,-0.1,-0.043395961761474616,0.1566040382385254,0.1396791876395454,0.8307514940102,0.05660403823852539
5.550241231918335,0.1,-0.1,-0.043395961761474616,0.1566040382385254,0.1396791876395454,0.8307514940102,0.05660403823852539
5.551402568817139,0.1,-0.1,-0.04052167129516602,0.159478328704834,0.14373346390971287,0.8425513520487887,0.05947832870483399
5.55380916595459,0.1,-0.1,-0.04052167129516602,0.159478328704834,0.14536120326756968,0.8588287456273569,0.05947832870483399
5.5547826290130615,0.1,-0.1,-0.04052167129516602,0.159478328704834,0.14536120326756968,0.8588287456273569,0.05947832870483399
5.555867910385132,0.1,-0.1,-0.04052167129516602,0.159478328704834,0.14536120326756968,0.8588287456273569,0.05947832870483399
5.556924343109131,0.1,-0.1,-0.04052167129516602,0.159478328704834,0.14536120326756968,0.8588287456273569,0.05947832870483399
5.557997941970825,0.1,-0.1,-0.04052167129516602,0.159478328704834,0.14536120326756968,0.8588287456273569,0.05947832870483399
5.55915379524231,0.1,-0.1,-0.04052167129516602,0.159478328704834,0.14536120326756968,0.8588287456273569,0.05947832870483399
5.560389757156372,0.1,-0.1,-0.04052167129516602,0.159478328704834,0.14536120326756968,0.8588287456273569,0.05947832870483399
5.561431884765625,0.1,-0.1,-0.03743480300903321,0.1625651969909668,0.14949478131105756,0.8692958432009076,0.0625651969909668
5.562522888183594,0.1,-0.1,-0.03743480300903321,0.1625651969909668,0.1512539915311391,0.8868879454017229,0.0625651969909668
5.564801216125488,0.1,-0.1,-0.03743480300903321,0.1625651969909668,0.1512539915311391,0.8868879454017229,0.0625651969909668
5.56577467918396,0.1,-0.1,-0.03743480300903321,0.1625651969909668,0.1512539915311391,0.8868879454017229,0.0625651969909668
5.566863775253296,0.1,-0.1,-0.03743480300903321,0.1625651969909668,0.1512539915311391,0.8868879454017229,0.0625651969909668
5.567913293838501,0.1,-0.1,-0.03743480300903321,0.1625651969909668,0.1512539915311391,0.8868879454017229,0.0625651969909668
5.568997144699097,0.1,-0.1,-0.03743480300903321,0.1625651969909668,0.1512539915311391,0.8868879454017229,0.0625651969909668
5.570088148117065,0.1,-0.1,-0.03743480300903321,0.1625651969909668,0.1512539915311391,0.8868879454017229,0.0625651969909668
5.571277141571045,0.1,-0.1,-0.03424535369873047,0.16575464630126954,0.15528090034650144,0.8952625404523189,0.06575464630126954
5.573532342910767,0.1,-0.1,-0.03424535369873047,0.16575464630126954,0.15710956323434344,0.913549169330739,0.06575464630126954
5.574736595153809,0.1,-0.1,-0.03424535369873047,0.16575464630126954,0.15710956323434344,0.913549169330739,0.06575464630126954
5.575849294662476,0.1,-0.1,-0.03424535369873047,0.16575464630126954,0.15710956323434344,0.913549169330739,0.06575464630126954
5.576906442642212,0.1,-0.1,-0.03424535369873047,0.16575464630126954,0.15710956323434344,0.913549169330739,0.06575464630126954
5.578066349029541,0.1,-0.1,-0.03424535369873047,0.16575464630126954,0.15710956323434344,0.913549169330739,0.06575464630126954
5.579175233840942,0.1,-0.1,-0.03424535369873047,0.16575464630126954,0.15710956323434344,0.913549169330739,0.06575464630126954
5.580305814743042,0.1,-0.1,-0.030980804443359378,0.16901919555664063,0.16097086068657965,0.9195166512993901,0.06901919555664063
5.5824363231658936,0.1,-0.1,-0.030980804443359378,0.16901919555664063,0.16285301799282942,0.9383382243618879,0.06901919555664063
5.5833752155303955,0.1,-0.1,-0.030980804443359378,0.16901919555664063,0.16285301799282942,0.9383382243618879,0.06901919555664063
5.58443546295166,0.1,-0.1,-0.030980804443359378,0.16901919555664063,0.16285301799282942,0.9383382243618879,0.06901919555664063
5.585475921630859,0.1,-0.1,-0.030980804443359378,0.16901919555664063,0.16285301799282942,0.9383382243618879,0.06901919555664063
5.586623430252075,0.1,-0.1,-0.030980804443359378,0.16901919555664063,0.16285301799282942,0.9383382243618879,0.06901919555664063
5.587706804275513,0.1,-0.1,-0.030980804443359378,0.16901919555664063,0.16285301799282942,0.9383382243618879,0.06901919555664063
5.588810443878174,0.1,-0.1,-0.030980804443359378,0.16901919555664063,0.16285301799282942,0.9383382243618879,0.06901919555664063
5.589867115020752,0.1,-0.1,-0.030980804443359378,0.16901919555664063,0.16285301799282942,0.9383382243618879,0.06901919555664063
5.590948104858398,0.1,-0.1,-0.030980804443359378,0.16901919555664063,0.16285301799282942,0.9383382243618879,0.06901919555664063
5.59206223487854,0.1,-0.1,-0.027531440734863286,0.1724685592651367,0.16664373513269384,0.9417517586755711,0.07246855926513672
5.594283580780029,0.1,-0.1,-0.027531440734863286,0.1724685592651367,0.1686426453772476,0.9617408611211088,0.07246855926513672
5.595287561416626,0.1,-0.1,-0.027531440734863286,0.1724685592651367,0.1686426453772476,0.9617408611211088,0.07246855926513672
5.596381425857544,0.1,-0.1,-0.027531440734863286,0.1724685592651367,0.1686426453772476,0.9617408611211088,0.07246855926513672
5.597474575042725,0.1,-0.1,-0.027531440734863286,0.1724685592651367,0.1686426453772476,0.9617408611211088,0.07246855926513672
5.598510980606079,0.1,-0.1,-0.027531440734863286,0.1724685592651367,0.1686426453772476,0.9617408611211088,0.07246855926513672
5.599649906158447,0.1,-0.1,-0.027531440734863286,0.1724685592651367,0.1686426453772476,0.9617408611211088,0.07246855926513672
5.600725412368774,0.1,-0.1,-0.02384671783447266,0.17615328216552734,0.17236220529939278,0.9620892313386544,0.07615328216552734
5.601779222488403,0.1,-0.1,-0.02384671783447266,0.17615328216552734,0.1745071440274789,0.9835386186195157,0.07615328216552734
5.603944301605225,0.1,-0.1,-0.02384671783447266,0.17615328216552734,0.1745071440274789,0.9835386186195157,0.07615328216552734
5.604949951171875,0.1,-0.1,-0.02384671783447266,0.17615328216552734,0.1745071440274789,0.9835386186195157,0.07615328216552734
5.60601544380188,0.1,-0.1,-0.02384671783447266,0.17615328216552734,0.1745071440274789,0.9835386186195157,0.07615328216552734
5.6070709228515625,0.1,-0.1,-0.02384671783447266,0.17615328216552734,0.1745071440274789,0.9835386186195157,0.07615328216552734
5.608136892318726,0.1,-0.1,-0.02384671783447266,0.17615328216552734,0.1745071440274789,0.9835386186195157,0.07615328216552734
5.609165906906128,0.1,-0.1,-0.02384671783447266,0.17615328216552734,0.1745071440274789,0.9835386186195157,0.07615328216552734
5.610224485397339,0.1,-0.1,-0.02384671783447266,0.17615328216552734,0.1745071440274789,0.9835386186195157,0.07615328216552734
5.6113505363464355,0.1,-0.1,-0.020076622009277345,0.17992337799072267,0.17796075511724258,0.9803737712651991,0.07992337799072266
5.613614797592163,0.1,-0.1,-0.020076622009277345,0.17992337799072267,0.1801630326136901,1.0023965462296744,0.07992337799072266
5.6146461963653564,0.1,-0.1,-0.020076622009277345,0.17992337799072267,0.1801630326136901,1.0023965462296744,0.07992337799072266
5.615710735321045,0.1,-0.1,-0.020076622009277345,0.17992337799072267,0.1801630326136901,1.0023965462296744,0.07992337799072266
5.616758584976196,0.1,-0.1,-0.020076622009277345,0.17992337799072267,0.1801630326136901,1.0023965462296744,0.07992337799072266
5.617774248123169,0.1,-0.1,-0.020076622009277345,0.17992337799072267,0.1801630326136901,1.0023965462296744,0.07992337799072266
5.618863821029663,0.1,-0.1,-0.020076622009277345,0.17992337799072267,0.1801630326136901,1.0023965462296744,0.07992337799072266
5.619959115982056,0.1,-0.1,-0.020076622009277345,0.17992337799072267,0.1801630326136901,1.0023965462296744,0.07992337799072266
5.621060371398926,0.1,-0.1,-0.020076622009277345,0.17992337799072267,0.1801630326136901,1.0023965462296744,0.07992337799072266
5.622114181518555,0.1,-0.1,-0.016231521606445323,0.1837684783935547,0.18332100112547267,0.9955252273191799,0.08376847839355468
5.624287366867065,0.1,-0.1,-0.016231521606445323,0.1837684783935547,0.18557217823613775,1.0180369984258306,0.08376847839355468
5.625244140625,0.1,-0.1,-0.016231521606445323,0.1837684783935547,0.18557217823613775,1.0180369984258306,0.08376847839355468
5.62627387046814,0.1,-0.1,-0.016231521606445323,0.1837684783935547,0.18557217823613775,1.0180369984258306,0.08376847839355468
5.6273839473724365,0.1,-0.1,-0.016231521606445323,0.1837684783935547,0.18557217823613775,1.0180369984258306,0.08376847839355468
5.6284730434417725,0.1,-0.1,-0.016231521606445323,0.1837684783935547,0.18557217823613775,1.0180369984258306,0.08376847839355468
5.6296398639678955,0.1,-0.1,-0.016231521606445323,0.1837684783935547,0.18557217823613775,1.0180369984258306,0.08376847839355468
5.63078761100769,0.1,-0.1,-0.012108276367187504,0.1878917236328125,0.18855532584081458,1.0066360220800208,0.0878917236328125
5.6330366134643555,0.1,-0.1,-0.012108276367187504,0.1878917236328125,0.1909714575248695,1.03079733892057,0.0878917236328125
5.634068489074707,0.1,-0.1,-0.012108276367187504,0.1878917236328125,0.1909714575248695,1.03079733892057,0.0878917236328125
5.635172128677368,0.1,-0.1,-0.012108276367187504,0.1878917236328125,0.1909714575248695,1.03079733892057,0.0878917236328125
5.636301279067993,0.1,-0.1,-0.012108276367187504,0.1878917236328125,0.1909714575248695,1.03079733892057,0.0878917236328125
5.63735294342041,0.1,-0.1,-0.012108276367187504,0.1878917236328125,0.1909714575248695,1.03079733892057,0.0878917236328125
5.638448715209961,0.1,-0.1,-0.012108276367187504,0.1878917236328125,0.1909714575248695,1.03079733892057,0.0878917236328125
5.639605760574341,0.1,-0.1,-0.012108276367187504,0.1878917236328125,0.1909714575248695,1.03079733892057,0.0878917236328125
